SR NO,DIVISION,SUB DIVISION,SS NAME,FEEDER,CAT,TND CODE,TOTAL CONSUMER,TOTAL TC, FULLY ON,PARTIALLY ON,FULLY OFF,,,,,
1,Lalbagh,Baranmpura,MOTIBAG,LAHRIPURA,URBAN,104402,5151,20,FALSE,FALSE,FALSE,,,,,
2,Lalbagh,Baranmpura,MOTIBAG,AZAD MEDAN,URBAN,104403,5998,35,FALSE,FALSE,FALSE,,,,,
3,Lalbagh,Baranmpura,MOTIBAG,TIN MURTI,URBAN,104404,3343,49,FALSE,FALSE,FALSE,,,,,
4,Lalbagh,Baranmpura,GAJRAWADI,GHADIYALI POLE,URBAN,104503,2850,10,FALSE,FALSE,FALSE,,,,,
5,Lalbagh,Baranmpura,GAJRAWADI,JAVAHAR,URBAN,104505,3966,36,FALSE,FALSE,FALSE,,,,,
6,Lalbagh,Baranmpura,GAJRAWADI,APSARA,URBAN,104517,2476,36,FALSE,FALSE,FALSE,,,,,
7,Lalbagh,Lalbaug,TARSALI,MAKARPURA,URBAN,30704,2784,47,FALSE,FALSE,FALSE,,,,,
8,Lalbagh,Lalbaug,TARSALI,MANJALPUR,URBAN,30705,1180,17,FALSE,FALSE,FALSE,,,,,
9,Lalbagh,Lalbaug,TARSALI,KALYANBAUG,URBAN,30715,2341,43,FALSE,FALSE,FALSE,,,,,
10,Lalbagh,Lalbaug,TARSALI,GHAGHRETIYA,URBAN,30717,3129,32,FALSE,FALSE,FALSE,,,,,
11,Lalbagh,Lalbaug,MOTIBAG,SRP,URBAN,104407,3080,39,FALSE,FALSE,FALSE,,,,,
12,Lalbagh,Lalbaug,MOTIBAG,LALBAG,URBAN,104411,2506,25,FALSE,FALSE,FALSE,,,,,
13,Lalbagh,Lalbaug,GAJRAWADI,RAILWAY,URBAN,104507,3002,41,FALSE,FALSE,FALSE,,,,,
14,Lalbagh,Lalbaug,GAJRAWADI,DANTESHWAR,URBAN,104512,7407,49,FALSE,FALSE,FALSE,,,,,
15,Lalbagh,Lalbaug,66 KV Manjalpur SS,DEEP CHAMBER,URBAN,143415,1549,30,FALSE,FALSE,FALSE,,,,,
16,Lalbagh,Lalbaug,66 KV Manjalpur SS,11 KV SITABAUG FEEDER,URBAN,309008,2682,32,FALSE,FALSE,FALSE,,,,,
17,Lalbagh,GIDC,JAMBUVA-B,VRAJDHAM,URBAN,30115,5014,68,FALSE,FALSE,FALSE,,,,,
18,Lalbagh,GIDC,JAMBUVA-B,LAXMI,URBAN,30118,3399,70,FALSE,FALSE,FALSE,,,,,
19,Lalbagh,GIDC,JAMBUVA-B,11KV GOKUL FEEDER,URBAN,30120,1428,24,FALSE,FALSE,FALSE,,,,,
20,Lalbagh,GIDC,MAKARPURA,VADSAR,GIDC,30901,103,27,FALSE,FALSE,FALSE,,,,,
21,Lalbagh,GIDC,MAKARPURA,JAYANT OIL,GIDC,30902,226,40,FALSE,FALSE,FALSE,,,,,
22,Lalbagh,GIDC,MAKARPURA,E.R.D.A.,GIDC,30903,242,46,FALSE,FALSE,FALSE,,,,,
23,Lalbagh,GIDC,MAKARPURA,VITHAJ,GIDC,30904,318,41,FALSE,FALSE,FALSE,,,,,
24,Lalbagh,GIDC,MAKARPURA,RING ROAD,GIDC,30905,214,30,FALSE,FALSE,FALSE,,,,,
25,Lalbagh,GIDC,MAKARPURA,ASHRYA (HPS),URBAN,30906,5,0,FALSE,FALSE,FALSE,,,,,
26,Lalbagh,GIDC,MAKARPURA,AIR FORCE EXP.,HTEX,30907,1,0,FALSE,FALSE,FALSE,,,,,
27,Lalbagh,GIDC,MAKARPURA,GAYATRI FEEDER,GIDC,30908,174,40,FALSE,FALSE,FALSE,,,,,
28,Lalbagh,GIDC,MAKARPURA,MARUTI,URBAN,30910,2312,26,FALSE,FALSE,FALSE,,,,,
29,Lalbagh,GIDC,MAKARPURA,MANEJA,URBAN,30912,5949,63,FALSE,FALSE,FALSE,,,,,
30,Lalbagh,GIDC,MAKARPURA,VIMAL,GIDC,30913,122,30,FALSE,FALSE,FALSE,,,,,
31,Lalbagh,GIDC,MAKARPURA,FAME,GIDC,30920,248,59,FALSE,FALSE,FALSE,,,,,
32,Lalbagh,GIDC,MAKARPURA,VASU,GIDC,30921,437,65,FALSE,FALSE,FALSE,,,,,
33,Lalbagh,GIDC,MAKARPURA,ROTEX,GIDC,30922,247,43,FALSE,FALSE,FALSE,,,,,
34,Lalbagh,GIDC,MAKARPURA,ABB(NEW),GIDC,30923,1,0,FALSE,FALSE,FALSE,,,,,
35,Lalbagh,GIDC,MAKARPURA,11 KV SHAKTI LOGESTIC,GIDC,30924,29,13,FALSE,FALSE,FALSE,,,,,
36,Lalbagh,GIDC,MAKARPURA,11 KV BARODA BUSHING,GIDC,30925,133,26,FALSE,FALSE,FALSE,,,,,
37,Lalbagh,GIDC,MAKARPURA,SKY ONYX,URBAN,30926,3045,33,FALSE,FALSE,FALSE,,,,,
38,Lalbagh,GIDC,MAKARPURA,MAKARPURA SST,SST,30999,3,1,FALSE,FALSE,FALSE,,,,,
39,Lalbagh,GIDC,MAKARPURA,ABB,EHT,104744,0,0,FALSE,FALSE,FALSE,,,,,
40,Lalbagh,GIDC,MAKARPURA,FAG,EHT,104745,0,0,FALSE,FALSE,FALSE,,,,,
41,Lalbagh,GIDC,MAKARPURA,ALSTOM (EHT),EHT,104746,0,0,FALSE,FALSE,FALSE,,,,,
42,Lalbagh,GIDC,MAKARPURA,SIMENS,EHT,104747,0,0,FALSE,FALSE,FALSE,,,,,
43,Lalbagh,GIDC,MAKARPURA-B,GHB (U.G-3) FEEDER,URBAN,143402,4836,43,FALSE,FALSE,FALSE,,,,,
44,Lalbagh,GIDC,MAKARPURA-B,G I D C U|G-II,GIDC,143403,235,26,FALSE,FALSE,FALSE,,,,,
45,Lalbagh,GIDC,MAKARPURA-B,TIRUPATI,GIDC,143406,516,65,FALSE,FALSE,FALSE,,,,,
46,Lalbagh,GIDC,MAKARPURA-B,TELE EXCHANGE(PT),GIDC,143407,318,49,FALSE,FALSE,FALSE,,,,,
47,Lalbagh,GIDC,MAKARPURA-B,KRISHNA,GIDC,143408,380,57,FALSE,FALSE,FALSE,,,,,
48,Lalbagh,GIDC,MAKARPURA-B,DIAMOND,GIDC,143409,166,37,FALSE,FALSE,FALSE,,,,,
49,Lalbagh,GIDC,MAKARPURA-B,AGNI,GIDC,143413,313,48,FALSE,FALSE,FALSE,,,,,
50,Lalbagh,GIDC,MAKARPURA-B,DURGA,URBAN,143418,234,36,FALSE,FALSE,FALSE,,,,,
51,Lalbagh,GIDC,MAKARPURA-B,11 KV MATRIX,GIDC,143419,207,23,FALSE,FALSE,FALSE,,,,,
52,Lalbagh,GIDC,MAKARPURA-B,11KV ALLIED,GIDC,143420,344,75,FALSE,FALSE,FALSE,,,,,
53,Lalbagh,GIDC,MAKARPURA-B,11 KV ECO MAN,GIDC,143421,193,37,FALSE,FALSE,FALSE,,,,,
54,Lalbagh,GIDC,MAKARPURA-B,11KV MODERN FOOD,GIDC,143422,245,51,FALSE,FALSE,FALSE,,,,,
55,Lalbagh,GIDC,MAKARPURA-B,MAKARPURA B SST,SST,143499,3,1,FALSE,FALSE,FALSE,,,,,
56,Lalbagh,GIDC,Vadsar,11 KV MADHUSAGAR,URBAN,309603,2823,36,FALSE,FALSE,FALSE,,,,,
57,Lalbagh,GIDC,Vadsar,11 KV PALMERA,URBAN,309604,3581,60,FALSE,FALSE,FALSE,,,,,
58,Lalbagh,GIDC,Vadsar,11 KV DREAM ATMAN,URBAN,309607,1901,26,FALSE,FALSE,FALSE,,,,,
59,Lalbagh,GIDC,Vadsar,11 KV HELIX,URBAN,309608,473,19,FALSE,FALSE,FALSE,,,,,
60,Lalbagh,Manjalpur,66 KV Manjalpur SS,GOYAGATE-I,URBAN,30801,2709,33,FALSE,FALSE,FALSE,,,,,
61,Lalbagh,Manjalpur,ATLADARA,GOYAGATE-II,URBAN,30802,1603,18,FALSE,FALSE,FALSE,,,,,
62,Lalbagh,Manjalpur,ATLADARA,SUNCITY,URBAN,30812,1219,37,FALSE,FALSE,FALSE,,,,,
63,Lalbagh,Manjalpur,ATLADARA,11 KV SURYADARSAN,URBAN,30819,1458,33,FALSE,FALSE,FALSE,,,,,
64,Lalbagh,Manjalpur,MAKARPURA-B,AMBE,URBAN,143401,5686,28,FALSE,FALSE,FALSE,,,,,
65,Lalbagh,Manjalpur,MAKARPURA-B,TULSIDHAM,URBAN,143405,2118,27,FALSE,FALSE,FALSE,,,,,
66,Lalbagh,Manjalpur,MAKARPURA-B,NANDANVAN,URBAN,143410,1933,41,FALSE,FALSE,FALSE,,,,,
67,Lalbagh,Manjalpur,MAKARPURA-B,SHRIKUNJ,URBAN,143416,2385,38,FALSE,FALSE,FALSE,,,,,
68,Lalbagh,Manjalpur,66 KV Manjalpur SS,11 KV AMERAPALI FEEDER,URBAN,309001,1836,25,FALSE,FALSE,FALSE,,,,,
69,Lalbagh,Manjalpur,66 KV Manjalpur SS,11 KV SARASWATI,URBAN,309002,5889,29,FALSE,FALSE,FALSE,,,,,
70,Lalbagh,Manjalpur,66 KV Manjalpur SS,11 KV LAXMINARAYAN FEEDER,URBAN,309003,1944,31,FALSE,FALSE,FALSE,,,,,
71,Lalbagh,Manjalpur,66 KV Manjalpur SS,11 KV WATER TANK FEEDER,URBAN,309004,3063,37,FALSE,FALSE,FALSE,,,,,
72,Lalbagh,Manjalpur,66 KV Manjalpur SS,11 KV MANJALPUR SST,SST,309005,2,1,FALSE,FALSE,FALSE,,,,,
73,Lalbagh,Manjalpur,66 KV Manjalpur SS,11KV HARIDHAM FEEDER,URBAN,309006,1530,25,FALSE,FALSE,FALSE,,,,,
74,Lalbagh,Manjalpur,66 KV Manjalpur SS,11 KV GANSHAYAM,URBAN,309007,1621,22,FALSE,FALSE,FALSE,,,,,
75,Lalbagh,Tarsali,JAMBUVA-B,HAVELI ( TARSALI SDN),URBAN,30119,5256,82,FALSE,FALSE,FALSE,,,,,
76,Lalbagh,Tarsali,TARSALI,BARODA DAIRY,HTEX,30701,1,0,FALSE,FALSE,FALSE,,,,,
77,Lalbagh,Tarsali,TARSALI,ONGC-2,HTEX,30702,1,0,FALSE,FALSE,FALSE,,,,,
78,Lalbagh,Tarsali,TARSALI,GOLD CITY,URBAN,30703,3811,73,FALSE,FALSE,FALSE,,,,,
79,Lalbagh,Tarsali,TARSALI,HIGHWAY,URBAN,30706,4430,59,FALSE,FALSE,FALSE,,,,,
80,Lalbagh,Tarsali,TARSALI,PRESSURE TANK,URBAN,30708,3971,26,FALSE,FALSE,FALSE,,,,,
81,Lalbagh,Tarsali,TARSALI,TARSALI GAM,URBAN,30709,2597,41,FALSE,FALSE,FALSE,,,,,
82,Lalbagh,Tarsali,TARSALI,RAMBAUG (GIDC O.H),URBAN,30710,3210,33,FALSE,FALSE,FALSE,,,,,
83,Lalbagh,Tarsali,TARSALI,UMA-2,URBAN,30711,4818,59,FALSE,FALSE,FALSE,,,,,
84,Lalbagh,Tarsali,TARSALI,NOVINO,URBAN,30712,2101,25,FALSE,FALSE,FALSE,,,,,
85,Lalbagh,Tarsali,TARSALI,O N G C-1,HTEX,30713,1,0,FALSE,FALSE,FALSE,,,,,
86,Lalbagh,Tarsali,TARSALI,SUSEN,URBAN,30714,2434,30,FALSE,FALSE,FALSE,,,,,
87,Lalbagh,Tarsali,TARSALI,SAKAR,URBAN,30716,3377,67,FALSE,FALSE,FALSE,,,,,
88,Lalbagh,Tarsali,TARSALI,MANOKAMNA,URBAN,30718,2974,44,FALSE,FALSE,FALSE,,,,,
89,Lalbagh,Tarsali,TARSALI,MANHAR PARK URBAN,URBAN,30719,1605,20,FALSE,FALSE,FALSE,,,,,
90,Lalbagh,Tarsali,TARSALI,11 KAMDHENU,URBAN,30721,2288,41,FALSE,FALSE,FALSE,,,,,
91,Lalbagh,Tarsali,TARSALI,11 KV BANSAL,URBAN,30722,931,14,FALSE,FALSE,FALSE,,,,,
92,Lalbagh,Tarsali,TARSALI,TARSALI SST,SST,30799,4,1,FALSE,FALSE,FALSE,,,,,
93,Lalbagh,Tarsali,MAKARPURA-B,NILKANTH(TARSALI),URBAN,143414,2998,40,FALSE,FALSE,FALSE,,,,,
94,Lalbagh,Tarsali,MAKARPURA-B,NITYANAND URBAN,URBAN,143417,2476,30,FALSE,FALSE,FALSE,,,,,
95,Lalbagh,Wadi,GAJRAWADI,CHANDAN (DABHOI RD),URBAN,104501,6245,61,FALSE,FALSE,FALSE,,,,,
96,Lalbagh,Wadi,GAJRAWADI,RANMUKTESHWER,URBAN,104502,3223,28,FALSE,FALSE,FALSE,,,,,
97,Lalbagh,Wadi,GAJRAWADI,WADI,URBAN,104504,1386,34,FALSE,FALSE,FALSE,,,,,
98,Lalbagh,Wadi,GAJRAWADI,BHAVANIKUNJ,URBAN,104506,4785,29,FALSE,FALSE,FALSE,,,,,
99,Lalbagh,Wadi,GAJRAWADI,JAHANGIRPURA,URBAN,104508,5639,23,FALSE,FALSE,FALSE,,,,,
100,Lalbagh,Wadi,GAJRAWADI,KAPURAI,URBAN,104510,5321,104,FALSE,FALSE,FALSE,,,,,
101,Lalbagh,Wadi,GAJRAWADI,GANESH NAGAR,URBAN,104513,4799,86,FALSE,FALSE,FALSE,,,,,
102,Lalbagh,Wadi,GAJRAWADI,RAMCHOCK,URBAN,104516,4553,11,FALSE,FALSE,FALSE,,,,,
103,Lalbagh,Wadi,WAGHODIAROAD,SUVARNBHUMI,URBAN,143309,5804,74,FALSE,FALSE,FALSE,,,,,
104,Lalbagh,Wadi,WAGHODIAROAD,KANHA,URBAN,143313,1482,23,FALSE,FALSE,FALSE,,,,,
105,Vishwamitri-East,Dandia Bazar,NAVLAKHI R|S,MARKET,URBAN,32401,4023,16,FALSE,FALSE,FALSE,,,,,
106,Vishwamitri-East,Dandia Bazar,NAVLAKHI R|S,DHARMSHALA,URBAN,32402,177,3,FALSE,FALSE,FALSE,,,,,
107,Vishwamitri-East,Dandia Bazar,NAVLAKHI R|S,CENTRAL JAIL,URBAN,32403,446,15,FALSE,FALSE,FALSE,,,,,
108,Vishwamitri-East,Dandia Bazar,NAVLAKHI R|S,SSG,URBAN,32404,418,12,FALSE,FALSE,FALSE,,,,,
109,Vishwamitri-East,Dandia Bazar,NAVLAKHI R|S,GROUND,URBAN,32405,14,5,FALSE,FALSE,FALSE,,,,,
110,Vishwamitri-East,Dandia Bazar,NAVLAKHI R|S,POLICE BHAVAN,URBAN,32412,23,4,FALSE,FALSE,FALSE,,,,,
111,Vishwamitri-East,Dandia Bazar,NAVLAKHI R|S,GAS OFFICE,URBAN,32415,1307,5,FALSE,FALSE,FALSE,,,,,
112,Vishwamitri-East,Dandia Bazar,NAVLAKHI R|S,NAVLAKHI SST,SST,32499,11,1,FALSE,FALSE,FALSE,,,,,
113,Vishwamitri-East,Dandia Bazar,MOTIBAG,NAVRANG,URBAN,104401,3201,31,FALSE,FALSE,FALSE,,,,,
114,Vishwamitri-East,Dandia Bazar,MOTIBAG,KALABHUVAN,URBAN,104405,4817,29,FALSE,FALSE,FALSE,,,,,
115,Vishwamitri-East,Dandia Bazar,MOTIBAG,SURSAGAR,URBAN,104408,1260,12,FALSE,FALSE,FALSE,,,,,
116,Vishwamitri-East,Dandia Bazar,MOTIBAG,SOUTH RING,URBAN,104410,4553,34,FALSE,FALSE,FALSE,,,,,
117,Vishwamitri-East,Dandia Bazar,MOTIBAG,CHIMANBAUG,URBAN,104412,2288,26,FALSE,FALSE,FALSE,,,,,
118,Vishwamitri-East,Indrapuri,KHATAMBA,JAGDISH,URBAN,30407,932,35,FALSE,FALSE,FALSE,,,,,
119,Vishwamitri-East,Indrapuri,KHATAMBA,VALLABHNAGAR,URBAN,30408,8276,105,FALSE,FALSE,FALSE,,,,,
120,Vishwamitri-East,Indrapuri,KHATAMBA,PUSHTIPRABHA,URBAN,30409,4790,67,FALSE,FALSE,FALSE,,,,,
121,Vishwamitri-East,Indrapuri,KHATAMBA,L&T SEZ,HTEX,30411,1,0,FALSE,FALSE,FALSE,,,,,
122,Vishwamitri-East,Indrapuri,KHATAMBA,L & T EXPRESS,HTEX,30445,1,0,FALSE,FALSE,FALSE,,,,,
123,Vishwamitri-East,Indrapuri,WAGHODIAROAD,WAGHODIYA ROAD,URBAN,31007,2854,42,FALSE,FALSE,FALSE,,,,,
124,Vishwamitri-East,Indrapuri,INDRAPURI,SHREEHARI,URBAN,31018,2961,16,FALSE,FALSE,FALSE,,,,,
125,Vishwamitri-East,Indrapuri,INDRAPURI,TULSI,URBAN,31026,4411,83,FALSE,FALSE,FALSE,,,,,
126,Vishwamitri-East,Indrapuri,INDRAPURI,KISMAT,URBAN,31046,1904,22,FALSE,FALSE,FALSE,,,,,
127,Vishwamitri-East,Indrapuri,WAGHODIAROAD,UMA,URBAN,143301,2713,30,FALSE,FALSE,FALSE,,,,,
128,Vishwamitri-East,Indrapuri,WAGHODIAROAD,GURUKUL,URBAN,143302,1689,18,FALSE,FALSE,FALSE,,,,,
129,Vishwamitri-East,Indrapuri,WAGHODIAROAD,SWIMMING POOL,URBAN,143303,1949,23,FALSE,FALSE,FALSE,,,,,
130,Vishwamitri-East,Indrapuri,WAGHODIAROAD,VAIKUNTH,URBAN,143304,3167,27,FALSE,FALSE,FALSE,,,,,
131,Vishwamitri-East,Indrapuri,WAGHODIAROAD,SHREEJI,URBAN,143306,3339,32,FALSE,FALSE,FALSE,,,,,
132,Vishwamitri-East,Indrapuri,WAGHODIAROAD,BALAJI,URBAN,143307,5134,114,FALSE,FALSE,FALSE,,,,,
133,Vishwamitri-East,Indrapuri,WAGHODIAROAD,TIRTH,URBAN,143308,2734,57,FALSE,FALSE,FALSE,,,,,
134,Vishwamitri-East,Indrapuri,WAGHODIAROAD,MANKI,URBAN,143310,2525,23,FALSE,FALSE,FALSE,,,,,
135,Vishwamitri-East,Indrapuri,WAGHODIAROAD,KALYAN,URBAN,143312,4009,51,FALSE,FALSE,FALSE,,,,,
136,Vishwamitri-East,Indrapuri,WAGHODIAROAD,WAGHODIA ROAD SST,SST,143399,3,1,FALSE,FALSE,FALSE,,,,,
137,Vishwamitri-East,Indrapuri,SAYAJIPURA,ANANTA,URBAN,310007,1839,52,FALSE,FALSE,FALSE,,,,,
138,Vishwamitri-East,Indrapuri,SAYAJIPURA,KAILASH,URBAN,310008,3305,44,FALSE,FALSE,FALSE,,,,,
139,Vishwamitri-East,Karelibaug,HARNI,ISHWAR SHANTI,URBAN,104302,2190,21,FALSE,FALSE,FALSE,,,,,
140,Vishwamitri-East,Karelibaug,HARNI,P & T,URBAN,104303,1649,25,FALSE,FALSE,FALSE,,,,,
141,Vishwamitri-East,Karelibaug,HARNI,KARELI BAUG,URBAN,104306,2357,30,FALSE,FALSE,FALSE,,,,,
142,Vishwamitri-East,Karelibaug,HARNI,BRIGHT FEEDER,URBAN,104307,1901,25,FALSE,FALSE,FALSE,,,,,
143,Vishwamitri-East,Karelibaug,HARNI,V.I.P.ROAD,URBAN,104308,2707,34,FALSE,FALSE,FALSE,,,,,
144,Vishwamitri-East,Karelibaug,HARNI,AMRAPALI,URBAN,104310,1513,26,FALSE,FALSE,FALSE,,,,,
145,Vishwamitri-East,Karelibaug,HARNI,BSNL,URBAN,104311,1454,31,FALSE,FALSE,FALSE,,,,,
146,Vishwamitri-East,Karelibaug,HARNI,SHRIJI SHRADDHA,URBAN,104312,1790,20,FALSE,FALSE,FALSE,,,,,
147,Vishwamitri-East,Karelibaug,HARNI,TULSIWADI (VRUNDAVAN),URBAN,104315,3656,24,FALSE,FALSE,FALSE,,,,,
148,Vishwamitri-East,Karelibaug,HARNI,HARNI SST,SST,104399,6,1,FALSE,FALSE,FALSE,,,,,
149,Vishwamitri-East,Karelibaug,SAMA,DHYAN,URBAN,107105,4458,87,FALSE,FALSE,FALSE,,,,,
150,Vishwamitri-East,Karelibaug,SAMA,GOLDAN FEEDER,URBAN,107109,2661,52,FALSE,FALSE,FALSE,,,,,
151,Vishwamitri-East,Karelibaug,SAMA,AMIT NAGAR,URBAN,107112,1482,27,FALSE,FALSE,FALSE,,,,,
152,Vishwamitri-East,Karelibaug,SAMA,ADINATH,URBAN,107114,2329,23,FALSE,FALSE,FALSE,,,,,
153,Vishwamitri-East,Karelibaug,SAMA,MOTHNATH (SURAMYA),URBAN,107118,2722,97,FALSE,FALSE,FALSE,,,,,
154,Vishwamitri-East,Karelibaug,SAMA,11KV ICONIC FEEDER,URBAN,107122,1927,39,FALSE,FALSE,FALSE,,,,,
155,Vishwamitri-East,Khodiyar Nagar,INDRAPURI,WARASIYA,URBAN,31001,6901,49,FALSE,FALSE,FALSE,,,,,
156,Vishwamitri-East,Khodiyar Nagar,INDRAPURI,AERODROME,URBAN,31003,4169,59,FALSE,FALSE,FALSE,,,,,
157,Vishwamitri-East,Khodiyar Nagar,SAYAJIPURA,11 KV GARRISION,HTEX,31015,0,0,FALSE,FALSE,FALSE,,,,,
158,Vishwamitri-East,Khodiyar Nagar,INDRAPURI,EARTH ICON,URBAN,31020,3423,37,FALSE,FALSE,FALSE,,,,,
159,Vishwamitri-East,Khodiyar Nagar,INDRAPURI,SAI SHRADDHA,URBAN,31022,2456,24,FALSE,FALSE,FALSE,,,,,
160,Vishwamitri-East,Khodiyar Nagar,INDRAPURI,RAJIVNAGAR,URBAN,31045,4174,40,FALSE,FALSE,FALSE,,,,,
161,Vishwamitri-East,Khodiyar Nagar,HARNI,SANGAM,URBAN,104301,2546,31,FALSE,FALSE,FALSE,,,,,
162,Vishwamitri-East,Khodiyar Nagar,HARNI,SAWAD,URBAN,104328,2222,19,FALSE,FALSE,FALSE,,,,,
163,Vishwamitri-East,Khodiyar Nagar,HARNI,AIRPORT,HTEX,104329,2,0,FALSE,FALSE,FALSE,,,,,
164,Vishwamitri-East,Khodiyar Nagar,SAMA,JALARAM,URBAN,107101,1398,28,FALSE,FALSE,FALSE,,,,,
165,Vishwamitri-East,Khodiyar Nagar,AMALIARA,DARJIPURA,URBAN,143801,362,16,FALSE,FALSE,FALSE,,,,,
166,Vishwamitri-East,Khodiyar Nagar,AMALIARA,MAA,URBAN,143808,2552,67,FALSE,FALSE,FALSE,,,,,
167,Vishwamitri-East,Khodiyar Nagar,AMALIARA,RADAR,URBAN,143809,517,16,FALSE,FALSE,FALSE,,,,,
168,Vishwamitri-East,Khodiyar Nagar,SAYAJIPURA,11 KV SHRJI VILLA,URBAN,310003,5514,40,FALSE,FALSE,FALSE,,,,,
169,Vishwamitri-East,Khodiyar Nagar,SAYAJIPURA,11 KV PANJARAPOLE,URBAN,310004,1077,13,FALSE,FALSE,FALSE,,,,,
170,Vishwamitri-East,Khodiyar Nagar,SAYAJIPURA,11 KV BRAHAMANAGER,URBAN,310005,5675,52,FALSE,FALSE,FALSE,,,,,
171,Vishwamitri-East,Khodiyar Nagar,SAYAJIPURA,OMKARA,URBAN,310006,911,19,FALSE,FALSE,FALSE,,,,,
172,Vishwamitri-East,Khodiyar Nagar,SAYAJIPURA,SAYAJIPURA SST,SST,310099,0,0,FALSE,FALSE,FALSE,,,,,
173,Vishwamitri-East,Mandvi ,INDRAPURI,NEW CHAMPANER,URBAN,31002,1314,15,FALSE,FALSE,FALSE,,,,,
174,Vishwamitri-East,Mandvi ,INDRAPURI,SANTKANWAR,URBAN,31017,2250,26,FALSE,FALSE,FALSE,,,,,
175,Vishwamitri-East,Mandvi ,NAVLAKHI R|S,MANDVI,URBAN,32435,3174,11,FALSE,FALSE,FALSE,,,,,
176,Vishwamitri-East,Mandvi ,HARNI,MAHAVIR,URBAN,104304,2381,18,FALSE,FALSE,FALSE,,,,,
177,Vishwamitri-East,Mandvi ,HARNI,JUBELI BAUG,URBAN,104305,5379,25,FALSE,FALSE,FALSE,,,,,
178,Vishwamitri-East,Mandvi ,HARNI,ASTBHUJA(SARASIYA),URBAN,104313,3254,12,FALSE,FALSE,FALSE,,,,,
179,Vishwamitri-East,Mandvi ,HARNI,FATEPURA(VIJAYNAGAR),URBAN,104324,5390,17,FALSE,FALSE,FALSE,,,,,
180,Vishwamitri-East,Mandvi ,HARNI,HATHIKHANA,URBAN,104327,4729,21,FALSE,FALSE,FALSE,,,,,
181,Vishwamitri-East,Mandvi ,GAJRAWADI,BAJWADA,URBAN,104509,2562,15,FALSE,FALSE,FALSE,,,,,
182,Vishwamitri-East,Mandvi ,GAJRAWADI,VITTHAL MANDIR,URBAN,104515,3937,13,FALSE,FALSE,FALSE,,,,,
183,Vishwamitri-East,Panigate,INDRAPURI,PANIGATE - I,URBAN,31004,2831,13,FALSE,FALSE,FALSE,,,,,
184,Vishwamitri-East,Panigate,INDRAPURI,PANIGATE - II,URBAN,31005,4256,35,FALSE,FALSE,FALSE,,,,,
185,Vishwamitri-East,Panigate,INDRAPURI,KISANWADI(PANI TANKI),URBAN,31006,3852,23,FALSE,FALSE,FALSE,,,,,
186,Vishwamitri-East,Panigate,WAGHODIAROAD,KOTIYARK,URBAN,31010,3517,30,FALSE,FALSE,FALSE,,,,,
187,Vishwamitri-East,Panigate,INDRAPURI,AYURVEDIK,URBAN,31024,4441,32,FALSE,FALSE,FALSE,,,,,
188,Vishwamitri-East,Panigate,INDRAPURI,DUDHESHWAR,URBAN,31025,3326,30,FALSE,FALSE,FALSE,,,,,
189,Vishwamitri-East,Panigate,WAGHODIAROAD,KALADARSHAN,URBAN,31032,2501,34,FALSE,FALSE,FALSE,,,,,
190,Vishwamitri-East,Panigate,GAJRAWADI,D MART,URBAN,104511,2397,40,FALSE,FALSE,FALSE,,,,,
191,Vishwamitri-East,Panigate,GAJRAWADI,MOGALWADA,URBAN,104514,4146,17,FALSE,FALSE,FALSE,,,,,
192,Vishwamitri-East,Panigate,WAGHODIAROAD,PRARAMBH,URBAN,143305,2449,26,FALSE,FALSE,FALSE,,,,,
193,Vishwamitri-East,Panigate,WAGHODIAROAD,TAPOVAN,URBAN,143311,2029,22,FALSE,FALSE,FALSE,,,,,
194,Vishwamitri-East,Sardar Ind Estate,INDRAPURI,SARDAR ESTATE,IND,31008,212,27,FALSE,FALSE,FALSE,,,,,
195,Vishwamitri-East,Sardar Ind Estate,INDRAPURI,APMC (GERRISOIN ENGG),URBAN,31016,2758,25,FALSE,FALSE,FALSE,,,,,
196,Vishwamitri-East,Sardar Ind Estate,INDRAPURI,SAYAJINAGAR,URBAN,31019,2644,29,FALSE,FALSE,FALSE,,,,,
197,Vishwamitri-East,Sardar Ind Estate,INDRAPURI,SARSWATI(SARDAR),URBAN,31021,3793,24,FALSE,FALSE,FALSE,,,,,
198,Vishwamitri-East,Sardar Ind Estate,INDRAPURI,AMBICA,IND,31023,141,22,FALSE,FALSE,FALSE,,,,,
199,Vishwamitri-East,Sardar Ind Estate,INDRAPURI,TOWN HALL,URBAN,31027,2566,20,FALSE,FALSE,FALSE,,,,,
200,Vishwamitri-East,Sardar Ind Estate,INDRAPURI,SUPER,IND,31036,463,57,FALSE,FALSE,FALSE,,,,,
201,Vishwamitri-East,Sardar Ind Estate,INDRAPURI,AMBER,URBAN,31040,2340,19,FALSE,FALSE,FALSE,,,,,
202,Vishwamitri-East,Sardar Ind Estate,INDRAPURI,BAYER,URBAN,31041,5890,50,FALSE,FALSE,FALSE,,,,,
203,Vishwamitri-East,Sardar Ind Estate,INDRAPURI,DOVE DACK,URBAN,31047,2682,56,FALSE,FALSE,FALSE,,,,,
204,Vishwamitri-East,Sardar Ind Estate,INDRAPURI,INDRAPURI SST,SST,31099,4,1,FALSE,FALSE,FALSE,,,,,
205,Vishwamitri-East,Sardar Ind Estate,SAYAJIPURA,11 KV CHACHANEHRU,URBAN,310001,5231,53,FALSE,FALSE,FALSE,,,,,
206,Vishwamitri-East,Sardar Ind Estate,SAYAJIPURA,11 KVDREAMVILLA,URBAN,310002,1871,35,FALSE,FALSE,FALSE,,,,,
207,Vishwamitri-East,Tower,NAVLAKHI R|S,TOWER,URBAN,32411,4686,20,FALSE,FALSE,FALSE,,,,,
208,Vishwamitri-East,Tower,NAVLAKHI R|S,KIRTI MANDIR,URBAN,32413,1316,23,FALSE,FALSE,FALSE,,,,,
209,Vishwamitri-East,Tower,HARNI,SAYAJI BAUG,URBAN,104309,3524,45,FALSE,FALSE,FALSE,,,,,
210,Vishwamitri-East,Tower,HARNI,BAL GOKULAM,URBAN,104316,2740,18,FALSE,FALSE,FALSE,,,,,
211,Vishwamitri-East,Tower,HARNI,SADHANAGAR,URBAN,104317,2208,51,FALSE,FALSE,FALSE,,,,,
212,Vishwamitri-East,Tower,MOTIBAG,KHADI BHANDAR,URBAN,104406,2019,11,FALSE,FALSE,FALSE,,,,,
213,Vishwamitri-East,Tower,MOTIBAG,NORTH RING,URBAN,104409,6176,31,FALSE,FALSE,FALSE,,,,,
214,Vishwamitri-West,Akota,ATLADARA,HOLIDAY INN,URBAN,30804,4217,42,FALSE,FALSE,FALSE,,,,,
215,Vishwamitri-West,Akota,MAHABALIPURAM (VASNA),AKSHAR CHAWK,URBAN,30806,2500,30,FALSE,FALSE,FALSE,,,,,
216,Vishwamitri-West,Akota,ATLADARA,GUJARAT TRACTOR,URBAN,30807,2329,27,FALSE,FALSE,FALSE,,,,,
217,Vishwamitri-West,Akota,ATLADARA,SAHJANAND KUTIR,URBAN,30808,2121,44,FALSE,FALSE,FALSE,,,,,
218,Vishwamitri-West,Akota,ATLADARA,STADIUM,URBAN,30809,3274,51,FALSE,FALSE,FALSE,,,,,
219,Vishwamitri-West,Akota,ATLADARA,RELIANCE,HTEX,30813,1,0,FALSE,FALSE,FALSE,,,,,
220,Vishwamitri-West,Akota,ATLADARA,KARAM,URBAN,30815,1856,30,FALSE,FALSE,FALSE,,,,,
221,Vishwamitri-West,Akota,VIDYUTNAGAR,M.D.ROAD,URBAN,32503,2809,42,FALSE,FALSE,FALSE,,,,,
222,Vishwamitri-West,Akota,VIDYUTNAGAR,AKOTA,URBAN,32518,2670,36,FALSE,FALSE,FALSE,,,,,
223,Vishwamitri-West,Akota,VIDYUTNAGAR,MUKTINAGAR,URBAN,32520,1805,33,FALSE,FALSE,FALSE,,,,,
224,Vishwamitri-West,Akota,VIDYUTNAGAR,TAKSH,URBAN,32524,1418,28,FALSE,FALSE,FALSE,,,,,
225,Vishwamitri-West,Akota,VIDYUTNAGAR,VASNA,URBAN,32526,1615,36,FALSE,FALSE,FALSE,,,,,
226,Vishwamitri-West,Akota,VIDYUTNAGAR,H O COLONY,URBAN,32531,417,6,FALSE,FALSE,FALSE,,,,,
227,Vishwamitri-West,Akota,VIDYUTNAGAR,DIWALIPURA,URBAN,32534,3973,48,FALSE,FALSE,FALSE,,,,,
228,Vishwamitri-West,Akota,VIDYUTNAGAR,SS COLONY,URBAN,32535,79,1,FALSE,FALSE,FALSE,,,,,
229,Vishwamitri-West,Akota,VIDYUTNAGAR,PUNITNAGAR,URBAN,32539,3186,40,FALSE,FALSE,FALSE,,,,,
230,Vishwamitri-West,Akota,VIDYUTNAGAR,GUEST HOUSE,URBAN,32541,1,1,FALSE,FALSE,FALSE,,,,,
231,Vishwamitri-West,Akota,MAHABALIPURAM (VASNA),DURGANAGAR,URBAN,143201,1586,20,FALSE,FALSE,FALSE,,,,,
232,Vishwamitri-West,Akota,MAHABALIPURAM (VASNA),SARASWATI(VASNA),URBAN,143207,3677,60,FALSE,FALSE,FALSE,,,,,
233,Vishwamitri-West,Akota,MAHABALIPURAM (VASNA),SWAGAT,URBAN,143210,1505,26,FALSE,FALSE,FALSE,,,,,
234,Vishwamitri-West,Alkapuri,SUBHANPURA-B,WESTERN RAILWAY,URBAN,31108,2191,42,FALSE,FALSE,FALSE,,,,,
235,Vishwamitri-West,Alkapuri,SUBHANPURA-B,ALKAPURI,URBAN,31109,731,21,FALSE,FALSE,FALSE,,,,,
236,Vishwamitri-West,Alkapuri,SUBHANPURA-B,RACECOURSE,URBAN,31110,1333,32,FALSE,FALSE,FALSE,,,,,
237,Vishwamitri-West,Alkapuri,SUBHANPURA-B,CHHANI,URBAN,31111,1270,29,FALSE,FALSE,FALSE,,,,,
238,Vishwamitri-West,Alkapuri,SUBHANPURA-B,BHAGYODAY,URBAN,31112,1147,17,FALSE,FALSE,FALSE,,,,,
239,Vishwamitri-West,Alkapuri,SUBHANPURA-B,CIRCUIT HOUSE,URBAN,31113,1427,36,FALSE,FALSE,FALSE,,,,,
240,Vishwamitri-West,Alkapuri,SUBHANPURA-B,JYOTI LTD.,URBAN,31114,1567,30,FALSE,FALSE,FALSE,,,,,
241,Vishwamitri-West,Alkapuri,SUBHANPURA-B,BLB MALL,HTEX,31118,1,0,FALSE,FALSE,FALSE,,,,,
242,Vishwamitri-West,Alkapuri,SUBHANPURA-B,GUJARAT HOTEL (WEL-COME HOTEL),HTEX,31119,1,0,FALSE,FALSE,FALSE,,,,,
243,Vishwamitri-West,Alkapuri,SUBHANPURA-B,VADODARA CENRAL,HTEX,31137,2,0,FALSE,FALSE,FALSE,,,,,
244,Vishwamitri-West,Alkapuri,SUBHANPURA-B,TRIDENT,URBAN,31140,1136,15,FALSE,FALSE,FALSE,,,,,
245,Vishwamitri-West,Alkapuri,SUBHANPURA-B,OCEAN,URBAN,31141,599,17,FALSE,FALSE,FALSE,,,,,
246,Vishwamitri-West,Alkapuri,SUBHANPURA-B,BPC,URBAN,31144,568,17,FALSE,FALSE,FALSE,,,,,
247,Vishwamitri-West,Alkapuri,SUBHANPURA-B,BANK OF BARODA,HTEX,31145,1,0,FALSE,FALSE,FALSE,,,,,
248,Vishwamitri-West,Alkapuri,SUBHANPURA-B,SARABHAI EAST AVENUE,URBAN,31146,583,43,FALSE,FALSE,FALSE,,,,,
249,Vishwamitri-West,Alkapuri,VIDYUTNAGAR,ARCADE,URBAN,32519,1375,22,FALSE,FALSE,FALSE,,,,,
250,Vishwamitri-West,Alkapuri,VIDYUTNAGAR,INDIA BULLS,URBAN,32521,1668,48,FALSE,FALSE,FALSE,,,,,
251,Vishwamitri-West,Alkapuri,VIDYUTNAGAR,JETALPUR,URBAN,32523,2354,40,FALSE,FALSE,FALSE,,,,,
252,Vishwamitri-West,Alkapuri,VIDYUTNAGAR,KADAKBAJAR,URBAN,32527,1761,25,FALSE,FALSE,FALSE,,,,,
253,Vishwamitri-West,Alkapuri,VIDYUTNAGAR,SAYAJIGUNJ,URBAN,32528,1081,28,FALSE,FALSE,FALSE,,,,,
254,Vishwamitri-West,Alkapuri,VIDYUTNAGAR,DINESH MILL,HTEX,32529,1,0,FALSE,FALSE,FALSE,,,,,
255,Vishwamitri-West,Alkapuri,VIDYUTNAGAR,PANORAMA,URBAN,32530,1399,28,FALSE,FALSE,FALSE,,,,,
256,Vishwamitri-West,Alkapuri,VIDYUTNAGAR,SIDHHARTH,URBAN,32533,827,21,FALSE,FALSE,FALSE,,,,,
257,Vishwamitri-West,Alkapuri,VIDYUTNAGAR,CENTRAL BUS STATION (CBS),URBAN,32536,1548,20,FALSE,FALSE,FALSE,,,,,
258,Vishwamitri-West,Alkapuri,VIDYUTNAGAR,HAVELI,URBAN,32537,1729,45,FALSE,FALSE,FALSE,,,,,
259,Vishwamitri-West,Alkapuri,VIDYUTNAGAR,DARSHANAM,URBAN,32540,5620,22,FALSE,FALSE,FALSE,,,,,
260,Vishwamitri-West,Alkapuri,CHHANI -A,11 KV EVCS,HTEX,33018,0,0,FALSE,FALSE,FALSE,,,,,
261,Vishwamitri-West,Alkapuri,SUBHANPURA-B,MONALISA,URBAN,104916,489,14,FALSE,FALSE,FALSE,,,,,
262,Vishwamitri-West,Atladra,ATLADARA,KALALI,URBAN,30803,4347,49,FALSE,FALSE,FALSE,,,,,
263,Vishwamitri-West,Atladra,ATLADARA,ATLADRA ROAD,URBAN,30805,2925,44,FALSE,FALSE,FALSE,,,,,
264,Vishwamitri-West,Atladra,ATLADARA,SUN PHARMA,HTEX,30810,1,0,FALSE,FALSE,FALSE,,,,,
265,Vishwamitri-West,Atladra,ATLADARA,HARIDARSHAN,URBAN,30811,3537,68,FALSE,FALSE,FALSE,,,,,
266,Vishwamitri-West,Atladra,ATLADARA,PAVAN,URBAN,30814,91,2,FALSE,FALSE,FALSE,,,,,
267,Vishwamitri-West,Atladra,ATLADARA,NARAYAN,URBAN,30816,3475,64,FALSE,FALSE,FALSE,,,,,
268,Vishwamitri-West,Atladra,ATLADARA,CHANKYA,URBAN,30817,2929,48,FALSE,FALSE,FALSE,,,,,
269,Vishwamitri-West,Atladra,ATLADARA,VMC,URBAN,30818,7,1,FALSE,FALSE,FALSE,,,,,
270,Vishwamitri-West,Atladra,ATLADARA,ATLADRA SST,SST,30899,1,1,FALSE,FALSE,FALSE,,,,,
271,Vishwamitri-West,Atladra,SAMIYALA,YOGI,URBAN,130507,5892,87,FALSE,FALSE,FALSE,,,,,
272,Vishwamitri-West,Atladra,SAMIYALA,MUKTA,URBAN,130508,3512,45,FALSE,FALSE,FALSE,,,,,
273,Vishwamitri-West,Atladra,MAHABALIPURAM (VASNA),MAHABALIPURAM,URBAN,143202,4742,50,FALSE,FALSE,FALSE,,,,,
274,Vishwamitri-West,Atladra,MAHABALIPURAM (VASNA),PRATHAM UPVAN,URBAN,143206,3650,80,FALSE,FALSE,FALSE,,,,,
275,Vishwamitri-West,Atladra,MAHABALIPURAM (VASNA),NILKANTH(AKOTA),URBAN,143208,706,22,FALSE,FALSE,FALSE,,,,,
276,Vishwamitri-West,Atladra,Vadsar,11KV LOTUS,URBAN,309601,2262,63,FALSE,FALSE,FALSE,,,,,
277,Vishwamitri-West,Atladra,Vadsar,11 KV JAGNATH,URBAN,309602,1902,21,FALSE,FALSE,FALSE,,,,,
278,Vishwamitri-West,Fategunj,CHHANI -A,VEDA,URBAN,33014,788,10,FALSE,FALSE,FALSE,,,,,
279,Vishwamitri-West,Fategunj,CHHANI -A,GOVARDHAN,URBAN,33015,1035,14,FALSE,FALSE,FALSE,,,,,
280,Vishwamitri-West,Fategunj,CHHANI-B,NIZAMPURA,URBAN,33401,2813,29,FALSE,FALSE,FALSE,,,,,
281,Vishwamitri-West,Fategunj,CHHANI-B,DELUX,URBAN,33402,3087,41,FALSE,FALSE,FALSE,,,,,
282,Vishwamitri-West,Fategunj,CHHANI-B,SHASTRI BRIDGE,URBAN,33403,2823,24,FALSE,FALSE,FALSE,,,,,
283,Vishwamitri-West,Fategunj,CHHANI-B,AAVRAN,URBAN,33404,2460,28,FALSE,FALSE,FALSE,,,,,
284,Vishwamitri-West,Fategunj,CHHANI-B,DEEP,URBAN,33408,2524,31,FALSE,FALSE,FALSE,,,,,
285,Vishwamitri-West,Fategunj,CHHANI-B,FATEGUNJ,URBAN,33409,2322,21,FALSE,FALSE,FALSE,,,,,
286,Vishwamitri-West,Fategunj,CHHANI-B,ADITYA,URBAN,33410,2251,28,FALSE,FALSE,FALSE,,,,,
287,Vishwamitri-West,Fategunj,CHHANI-B,ALEMBIC,URBAN,33412,559,13,FALSE,FALSE,FALSE,,,,,
288,Vishwamitri-West,Fategunj,CHHANI-B,UNIVERSITY,URBAN,33414,1729,20,FALSE,FALSE,FALSE,,,,,
289,Vishwamitri-West,Fategunj,CHHANI-B,DHARAMSINH DESAI,URBAN,33415,2536,35,FALSE,FALSE,FALSE,,,,,
290,Vishwamitri-West,Fategunj,CHHANI-B,ASHAPURI,URBAN,33416,2035,26,FALSE,FALSE,FALSE,,,,,
291,Vishwamitri-West,Fategunj,CHHANI-B,SARDARNAGAR,URBAN,33417,3313,27,FALSE,FALSE,FALSE,,,,,
292,Vishwamitri-West,Fategunj,CHHANI-B,SEVEN SEAS,URBAN,33418,1301,15,FALSE,FALSE,FALSE,,,,,
293,Vishwamitri-West,Fategunj,CHHANI-B,ANJALI,URBAN,33420,946,14,FALSE,FALSE,FALSE,,,,,
294,Vishwamitri-West,Fategunj,CHHANI-B,STATION SST,SST,33499,1,1,FALSE,FALSE,FALSE,,,,,
295,Vishwamitri-West,Fategunj,HARNI,HARMONY,URBAN,104314,2290,24,FALSE,FALSE,FALSE,,,,,
296,Vishwamitri-West,Fategunj,HARNI,ANAND NAGAR,URBAN,104320,1946,21,FALSE,FALSE,FALSE,,,,,
297,Vishwamitri-West,Gorwa,SUBHANPURA-B,PANCHAVATI,URBAN,31105,301,24,FALSE,FALSE,FALSE,,,,,
298,Vishwamitri-West,Gorwa,SUBHANPURA-B,GUJ. HOUSING BOARD,URBAN,31106,3959,46,FALSE,FALSE,FALSE,,,,,
299,Vishwamitri-West,Gorwa,SUBHANPURA-B,B.I.D.C.,URBAN,31107,147,13,FALSE,FALSE,FALSE,,,,,
300,Vishwamitri-West,Gorwa,GORWA,GORWA GAM,URBAN,31115,2272,43,FALSE,FALSE,FALSE,,,,,
301,Vishwamitri-West,Gorwa,SUBHANPURA-B,ALEMBIC PHARMA,EHT,31116,0,0,FALSE,FALSE,FALSE,,,,,
302,Vishwamitri-West,Gorwa,SUBHANPURA-B,BHAILAL AMIN HOSP.,HTEX,31117,1,0,FALSE,FALSE,FALSE,,,,,
303,Vishwamitri-West,Gorwa,SUBHANPURA-B,INORBIL MALL,HTEX,31139,1,0,FALSE,FALSE,FALSE,,,,,
304,Vishwamitri-West,Gorwa,SUBHANPURA-B,SUBHANPURA SST,SST,31199,1,1,FALSE,FALSE,FALSE,,,,,
305,Vishwamitri-West,Gorwa,GORWA,SHREENATHJI,URBAN,104901,4631,64,FALSE,FALSE,FALSE,,,,,
306,Vishwamitri-West,Gorwa,GORWA,SAHYOG ROAD,URBAN,104910,3696,35,FALSE,FALSE,FALSE,,,,,
307,Vishwamitri-West,Gorwa,GORWA,SUBHANPURA ROAD,URBAN,104913,4668,51,FALSE,FALSE,FALSE,,,,,
308,Vishwamitri-West,Gorwa,GORWA,KARODIYA ROAD,URBAN,104914,4575,32,FALSE,FALSE,FALSE,,,,,
309,Vishwamitri-West,Gorwa,SUBHANPURA-B,TCS LTD,HTEX,104915,3,0,FALSE,FALSE,FALSE,,,,,
310,Vishwamitri-West,Gorwa,GORWA,DWARKESH,URBAN,104918,2070,20,FALSE,FALSE,FALSE,,,,,
311,Vishwamitri-West,Gorwa,GORWA,SANGRILA,URBAN,104919,4391,41,FALSE,FALSE,FALSE,,,,,
312,Vishwamitri-West,Gorwa,GORWA,GOODIES,URBAN,104921,261,6,FALSE,FALSE,FALSE,,,,,
313,Vishwamitri-West,Gorwa,GORWA,SWAMI VIVEKANAND,URBAN,104922,1923,21,FALSE,FALSE,FALSE,,,,,
314,Vishwamitri-West,Gorwa,GORWA,LABH,URBAN,104923,2140,38,FALSE,FALSE,FALSE,,,,,
315,Vishwamitri-West,Gorwa,GORWA,MADHUNAGAR,URBAN,104925,2962,40,FALSE,FALSE,FALSE,,,,,
316,Vishwamitri-West,Gorwa,GORWA,PHASE 5,URBAN,104926,1461,19,FALSE,FALSE,FALSE,,,,,
317,Vishwamitri-West,Gorwa,GORWA,GORWAS SST,SST,104999,2,1,FALSE,FALSE,FALSE,,,,,
318,Vishwamitri-West,Gotri,SUBHANPURA-B,T.B. HOSPITAL,URBAN,31102,1101,24,FALSE,FALSE,FALSE,,,,,
319,Vishwamitri-West,Gotri,SUBHANPURA-B,WATER TANK,URBAN,31104,2572,28,FALSE,FALSE,FALSE,,,,,
320,Vishwamitri-West,Gotri,GOTRI-B,LAXMIPURA-,URBAN,31136,2586,29,FALSE,FALSE,FALSE,,,,,
321,Vishwamitri-West,Gotri,SUBHANPURA-B,STERLING,HTEX,31138,1,0,FALSE,FALSE,FALSE,,,,,
322,Vishwamitri-West,Gotri,SUBHANPURA-B,VAHANVATI,URBAN,31142,2042,28,FALSE,FALSE,FALSE,,,,,
323,Vishwamitri-West,Gotri,VIDYUTNAGAR,HARIBHAKTI,URBAN,32505,1460,36,FALSE,FALSE,FALSE,,,,,
324,Vishwamitri-West,Gotri,VIDYUTNAGAR,VIDHYUT BHAVAN 1,HTEX,32532,0,0,FALSE,FALSE,FALSE,,,,,
325,Vishwamitri-West,Gotri,VIDYUTNAGAR,CENTRA EXCISE,URBAN,32538,946,28,FALSE,FALSE,FALSE,,,,,
326,Vishwamitri-West,Gotri,GOTRI-B,RAJESH TOWER,URBAN,104701,3945,42,FALSE,FALSE,FALSE,,,,,
327,Vishwamitri-West,Gotri,GOTRI-B,KARMA JYOT,URBAN,104703,4113,49,FALSE,FALSE,FALSE,,,,,
328,Vishwamitri-West,Gotri,GOTRI-B,PASABHAI,URBAN,104705,2285,35,FALSE,FALSE,FALSE,,,,,
329,Vishwamitri-West,Gotri,GOTRI-B,GERI,URBAN,104706,2335,48,FALSE,FALSE,FALSE,,,,,
330,Vishwamitri-West,Gotri,GOTRI,GANGOTRI,URBAN,104707,2786,33,FALSE,FALSE,FALSE,,,,,
331,Vishwamitri-West,Gotri,GOTRI,GOTRI SS COLONY,URBAN,104708,61,5,FALSE,FALSE,FALSE,,,,,
332,Vishwamitri-West,Gotri,GOTRI-B,SLDC GOTRI,URBAN,104709,2,1,FALSE,FALSE,FALSE,,,,,
333,Vishwamitri-West,Gotri,GOTRI,ISCON HEIGHT,URBAN,104711,6257,66,FALSE,FALSE,FALSE,,,,,
334,Vishwamitri-West,Gotri,GOTRI-B,HEAD OFFICE,URBAN,104714,0,0,FALSE,FALSE,FALSE,,,,,
335,Vishwamitri-West,Gotri,GORWA,BHAGIRATH,URBAN,104917,1524,16,FALSE,FALSE,FALSE,,,,,
336,Vishwamitri-West,Gotri,GOTRI-B,MEDICAL COLLEGE,URBAN,300101,3,0,FALSE,FALSE,FALSE,,,,,
337,Vishwamitri-West,Gotri,GOTRI-B,KAILASH,URBAN,300103,2396,18,FALSE,FALSE,FALSE,,,,,
338,Vishwamitri-West,Gotri,GOTRI-B,HARINAGAR,URBAN,300104,2283,25,FALSE,FALSE,FALSE,,,,,
339,Vishwamitri-West,Gotri,GOTRI-B,WOODA,URBAN,300106,3225,39,FALSE,FALSE,FALSE,,,,,
340,Vishwamitri-West,Gotri,GOTRI-B,GOTRI-B SST,SST,300199,1,1,FALSE,FALSE,FALSE,,,,,
341,Vishwamitri-West,Laxmipura,GOTRI-B,GAYATRINAGAR,URBAN,104702,8517,114,FALSE,FALSE,FALSE,,,,,
342,Vishwamitri-West,Laxmipura,GOTRI-B,AAKASHVAN,URBAN,104710,3899,120,FALSE,FALSE,FALSE,,,,,
343,Vishwamitri-West,Laxmipura,GOTRI-B,EV CHARGING,URBAN,104712,1,0,FALSE,FALSE,FALSE,,,,,
344,Vishwamitri-West,Laxmipura,GORWA,AKARSH,URBAN,104902,4754,81,FALSE,FALSE,FALSE,,,,,
345,Vishwamitri-West,Laxmipura,GORWA,VITTHLESH,URBAN,104903,1799,31,FALSE,FALSE,FALSE,,,,,
346,Vishwamitri-West,Laxmipura,GORWA,SAMTA,URBAN,104911,3423,23,FALSE,FALSE,FALSE,,,,,
347,Vishwamitri-West,Laxmipura,GORWA,MADHAV PARK,URBAN,104912,2855,18,FALSE,FALSE,FALSE,,,,,
348,Vishwamitri-West,Laxmipura,GORWA,KALP,URBAN,104924,3212,83,FALSE,FALSE,FALSE,,,,,
349,Vishwamitri-West,Laxmipura,GORWA,11 KV  PRATHAM SHRUSHTI,URBAN,104927,1804,22,FALSE,FALSE,FALSE,,,,,
350,Vishwamitri-West,Laxmipura,GOTRI-B,NARAYAN GARDEN,URBAN,300102,2230,39,FALSE,FALSE,FALSE,,,,,
351,Vishwamitri-West,Laxmipura,GOTRI-B,SOMNATH,URBAN,300105,5754,86,FALSE,FALSE,FALSE,,,,,
352,Vishwamitri-West,Sama,SAMA,CHANAKYAPURI,URBAN,33405,1530,24,FALSE,FALSE,FALSE,,,,,
353,Vishwamitri-West,Sama,CHHANI-B,NARMADA,URBAN,33406,3530,29,FALSE,FALSE,FALSE,,,,,
354,Vishwamitri-West,Sama,CHHANI-B,PANI TANK,URBAN,33407,1382,20,FALSE,FALSE,FALSE,,,,,
355,Vishwamitri-West,Sama,CHHANI-B,KADAMANAGAR,URBAN,33411,2818,46,FALSE,FALSE,FALSE,,,,,
356,Vishwamitri-West,Sama,SAMA,SAMA SPORTS COMPLEX,URBAN,33413,1,0,FALSE,FALSE,FALSE,,,,,
357,Vishwamitri-West,Sama,CHHANI-B,SUNDARVAN,URBAN,33419,3282,38,FALSE,FALSE,FALSE,,,,,
358,Vishwamitri-West,Sama,SAMA,SAMA,URBAN,107102,3678,37,FALSE,FALSE,FALSE,,,,,
359,Vishwamitri-West,Sama,SAMA,CANAL (NEW),URBAN,107103,2650,45,FALSE,FALSE,FALSE,,,,,
360,Vishwamitri-West,Sama,SAMA,MANORATH,URBAN,107104,1184,18,FALSE,FALSE,FALSE,,,,,
361,Vishwamitri-West,Sama,SAMA,VINAYAK,URBAN,107106,2041,24,FALSE,FALSE,FALSE,,,,,
362,Vishwamitri-West,Sama,SAMA,PILOL,URBAN,107108,5864,106,FALSE,FALSE,FALSE,,,,,
363,Vishwamitri-West,Sama,SAMA,SANGATH,URBAN,107110,1490,41,FALSE,FALSE,FALSE,,,,,
364,Vishwamitri-West,Sama,SAMA,JAY AMBE,URBAN,107113,2643,68,FALSE,FALSE,FALSE,,,,,
365,Vishwamitri-West,Sama,SAMA,POWER GRID,HTEX,107115,1,0,FALSE,FALSE,FALSE,,,,,
366,Vishwamitri-West,Sama,SAMA,MODERN,URBAN,107116,2322,29,FALSE,FALSE,FALSE,,,,,
367,Vishwamitri-West,Sama,SAMA,NANDANVAN(L&T),URBAN,107117,2060,22,FALSE,FALSE,FALSE,,,,,
368,Vishwamitri-West,Sama,SAMA,ANUSHAKTI,URBAN,107119,2507,24,FALSE,FALSE,FALSE,,,,,
369,Vishwamitri-West,Sama,SAMA,11 KV AGORA,URBAN,107120,1159,11,FALSE,FALSE,FALSE,,,,,
370,Vishwamitri-West,Sama,SAMA,11 KV SIDDHESHWER,URBAN,107121,1236,30,FALSE,FALSE,FALSE,,,,,
371,Vishwamitri-West,Sama,SAMA,SAMA SST,SST,107199,0,1,FALSE,FALSE,FALSE,,,,,
372,Vishwamitri-West,Vasna,VIDYUTNAGAR,TAGOR NAGAR,URBAN,32525,3627,44,FALSE,FALSE,FALSE,,,,,
373,Vishwamitri-West,Vasna,GOTRI-B,11 KV CORPORATE PARK,URBAN,104713,1135,17,FALSE,FALSE,FALSE,,,,,
374,Vishwamitri-West,Vasna,SAMIYALA,11 KV CLASSIC FDR,URBAN,130509,0,0,FALSE,FALSE,FALSE,,,,,
375,Vishwamitri-West,Vasna,MAHABALIPURAM (VASNA),BHAYLI,URBAN,143203,5223,76,FALSE,FALSE,FALSE,,,,,
376,Vishwamitri-West,Vasna,MAHABALIPURAM (VASNA),VRAJRAJ,URBAN,143204,1978,26,FALSE,FALSE,FALSE,,,,,
377,Vishwamitri-West,Vasna,MAHABALIPURAM (VASNA),MADHURAM,URBAN,143205,2023,20,FALSE,FALSE,FALSE,,,,,
378,Vishwamitri-West,Vasna,MAHABALIPURAM (VASNA),RANESHWAR,URBAN,143209,2002,36,FALSE,FALSE,FALSE,,,,,
379,Vishwamitri-West,Vasna,MAHABALIPURAM (VASNA),SAFFRON,URBAN,143211,5064,38,FALSE,FALSE,FALSE,,,,,
380,Vishwamitri-West,Vasna,MAHABALIPURAM (VASNA),11 KV AVADH,URBAN,143212,0,0,FALSE,FALSE,FALSE,,,,,
381,Vishwamitri-West,Vasna,BHAILY,PANCHMUKHI,URBAN,300201,2871,35,FALSE,FALSE,FALSE,,,,,
382,Vishwamitri-West,Vasna,BHAILY,MILESTONE,URBAN,300202,6380,122,FALSE,FALSE,FALSE,,,,,
383,Vishwamitri-West,Vasna,BHAILY,NAVRACHNA INTERNATIONAL,URBAN,300203,2670,59,FALSE,FALSE,FALSE,,,,,
384,Vishwamitri-West,Vasna,BHAILY,RADHE SHYAM,URBAN,300206,4950,95,FALSE,FALSE,FALSE,,,,,
385,Vishwamitri-West,Vasna,BHAILY,NILAMBER,URBAN,300207,1998,54,FALSE,FALSE,FALSE,,,,,
386,Vishwamitri-West,Vasna,BHAILY,SHAKTI GREEN,URBAN,300208,2535,79,FALSE,FALSE,FALSE,,,,,
387,Vishwamitri-West,Vasna,BHAILY,VIDHI,URBAN,300209,1115,40,FALSE,FALSE,FALSE,,,,,
388,Vishwamitri-West,Vasna,BHAILY,11 KV SWARNIMĀ FEEDER,URBAN,300210,3149,42,FALSE,FALSE,FALSE,,,,,
389,Vishwamitri-West,Vasna,BHAILY,BELISSIMO,URBAN,300211,1207,35,FALSE,FALSE,FALSE,,,,,
390,Vishwamitri-West,Vasna,BHAILY,11 KV HARSIDDHI FDR,URBAN,300212,1859,41,FALSE,FALSE,FALSE,,,,,
,,,,,,,,,,,,,,,,
,,,,,,,,,,,,,,,,
,,,,,,,,,,,,,,,,
,,,,,,,,,,,,,,,,
,,,,,,,,,,,,,,,,
,,,,,,,,,,,,,,,,
,,,,,,,,,,,,,,,,
,,,,,,,,,,,,,,,,
,,,,,,,,,,,,,,,,
,,,,,,,,,,,,,,,,
,,,,,,,,,,,,,,,,
,,,,,,,,,,,,,,,,
,,,,,,,,,,,,,,,,
,,,,,,,,,,,,,,,,
,,,,,,,,,,,,,,,,
,,,,,,,,,,,,,,,,
,,,,,,,,,,,,,,,,
,,,,,,,,,,,,,,,,
,,,,,,,,,,,,,,,,
,,,,,,,,,,,,,,,,
,,,,,,,,,,,,,,,,
,,,,,,,,,,,,,,,,
,,,,,,,,,,,,,,,,
,,,,,,,,,,,,,,,,
,,,,,,,,,,,,,,,,
,,,,,,,,,,,,,,,,
,,,,,,,,,,,,,,,,
,,,,,,,,,,,,,,,,
,,,,,,,,,,,,,,,,
,,,,,,,,,,,,,,,,
,,,,,,,,,,,,,,,,
,,,,,,,,,,,,,,,,
,,,,,,,,,,,,,,,,
,,,,,,,,,,,,,,,,
,,,,,,,,,,,,,,,,
,,,,,,,,,,,,,,,,
,,,,,,,,,,,,,,,,
,,,,,,,,,,,,,,,,
,,,,,,,,,,,,,,,,
,,,,,,,,,,,,,,,,
,,,,,,,,,,,,,,,,
,,,,,,,,,,,,,,,,
,,,,,,,,,,,,,,,,
,,,,,,,,,,,,,,,,
,,,,,,,,,,,,,,,,
,,,,,,,,,,,,,,,,
,,,,,,,,,,,,,,,,
,,,,,,,,,,,,,,,,
,,,,,,,,,,,,,,,,
,,,,,,,,,,,,,,,,
,,,,,,,,,,,,,,,,
,,,,,,,,,,,,,,,,
,,,,,,,,,,,,,,,,
,,,,,,,,,,,,,,,,
,,,,,,,,,,,,,,,,
,,,,,,,,,,,,,,,,
,,,,,,,,,,,,,,,,
,,,,,,,,,,,,,,,,
,,,,,,,,,,,,,,,,
,,,,,,,,,,,,,,,,
,,,,,,,,,,,,,,,,
,,,,,,,,,,,,,,,,
,,,,,,,,,,,,,,,,
,,,,,,,,,,,,,,,,
,,,,,,,,,,,,,,,,
,,,,,,,,,,,,,,,,
,,,,,,,,,,,,,,,,
,,,,,,,,,,,,,,,,
,,,,,,,,,,,,,,,,
,,,,,,,,,,,,,,,,
,,,,,,,,,,,,,,,,
,,,,,,,,,,,,,,,,
,,,,,,,,,,,,,,,,
,,,,,,,,,,,,,,,,
,,,,,,,,,,,,,,,,
,,,,,,,,,,,,,,,,
,,,,,,,,,,,,,,,,
,,,,,,,,,,,,,,,,
,,,,,,,,,,,,,,,,
,,,,,,,,,,,,,,,,
,,,,,,,,,,,,,,,,
,,,,,,,,,,,,,,,,
,,,,,,,,,,,,,,,,
,,,,,,,,,,,,,,,,
,,,,,,,,,,,,,,,,
,,,,,,,,,,,,,,,,
,,,,,,,,,,,,,,,,
,,,,,,,,,,,,,,,,
,,,,,,,,,,,,,,,,
,,,,,,,,,,,,,,,,
,,,,,,,,,,,,,,,,
,,,,,,,,,,,,,,,,
,,,,,,,,,,,,,,,,
,,,,,,,,,,,,,,,,
,,,,,,,,,,,,,,,,
,,,,,,,,,,,,,,,,
,,,,,,,,,,,,,,,,
,,,,,,,,,,,,,,,,
,,,,,,,,,,,,,,,,
,,,,,,,,,,,,,,,,
,,,,,,,,,,,,,,,,
,,,,,,,,,,,,,,,,
,,,,,,,,,,,,,,,,
,,,,,,,,,,,,,,,,
,,,,,,,,,,,,,,,,
,,,,,,,,,,,,,,,,
,,,,,,,,,,,,,,,,
,,,,,,,,,,,,,,,,
,,,,,,,,,,,,,,,,
,,,,,,,,,,,,,,,,
,,,,,,,,,,,,,,,,
,,,,,,,,,,,,,,,,
,,,,,,,,,,,,,,,,
,,,,,,,,,,,,,,,,
,,,,,,,,,,,,,,,,
,,,,,,,,,,,,,,,,
,,,,,,,,,,,,,,,,
,,,,,,,,,,,,,,,,
,,,,,,,,,,,,,,,,
,,,,,,,,,,,,,,,,
,,,,,,,,,,,,,,,,
,,,,,,,,,,,,,,,,
,,,,,,,,,,,,,,,,
,,,,,,,,,,,,,,,,
,,,,,,,,,,,,,,,,
,,,,,,,,,,,,,,,,
,,,,,,,,,,,,,,,,
,,,,,,,,,,,,,,,,
,,,,,,,,,,,,,,,,
,,,,,,,,,,,,,,,,
,,,,,,,,,,,,,,,,
,,,,,,,,,,,,,,,,
,,,,,,,,,,,,,,,,
,,,,,,,,,,,,,,,,
,,,,,,,,,,,,,,,,
,,,,,,,,,,,,,,,,
,,,,,,,,,,,,,,,,
,,,,,,,,,,,,,,,,
,,,,,,,,,,,,,,,,
,,,,,,,,,,,,,,,,
,,,,,,,,,,,,,,,,
,,,,,,,,,,,,,,,,
,,,,,,,,,,,,,,,,
,,,,,,,,,,,,,,,,
,,,,,,,,,,,,,,,,
,,,,,,,,,,,,,,,,
,,,,,,,,,,,,,,,,
,,,,,,,,,,,,,,,,
,,,,,,,,,,,,,,,,
,,,,,,,,,,,,,,,,
,,,,,,,,,,,,,,,,
,,,,,,,,,,,,,,,,
,,,,,,,,,,,,,,,,
,,,,,,,,,,,,,,,,
,,,,,,,,,,,,,,,,
,,,,,,,,,,,,,,,,
,,,,,,,,,,,,,,,,
,,,,,,,,,,,,,,,,
,,,,,,,,,,,,,,,,
,,,,,,,,,,,,,,,,
,,,,,,,,,,,,,,,,
,,,,,,,,,,,,,,,,
,,,,,,,,,,,,,,,,
,,,,,,,,,,,,,,,,
,,,,,,,,,,,,,,,,
,,,,,,,,,,,,,,,,
,,,,,,,,,,,,,,,,
,,,,,,,,,,,,,,,,
,,,,,,,,,,,,,,,,
,,,,,,,,,,,,,,,,
,,,,,,,,,,,,,,,,
,,,,,,,,,,,,,,,,
,,,,,,,,,,,,,,,,
,,,,,,,,,,,,,,,,
,,,,,,,,,,,,,,,,
,,,,,,,,,,,,,,,,
,,,,,,,,,,,,,,,,
,,,,,,,,,,,,,,,,
,,,,,,,,,,,,,,,,
,,,,,,,,,,,,,,,,
,,,,,,,,,,,,,,,,
,,,,,,,,,,,,,,,,
,,,,,,,,,,,,,,,,
,,,,,,,,,,,,,,,,
,,,,,,,,,,,,,,,,
,,,,,,,,,,,,,,,,
,,,,,,,,,,,,,,,,
,,,,,,,,,,,,,,,,
,,,,,,,,,,,,,,,,
,,,,,,,,,,,,,,,,
,,,,,,,,,,,,,,,,
,,,,,,,,,,,,,,,,
,,,,,,,,,,,,,,,,
,,,,,,,,,,,,,,,,
,,,,,,,,,,,,,,,,
,,,,,,,,,,,,,,,,
,,,,,,,,,,,,,,,,
,,,,,,,,,,,,,,,,
,,,,,,,,,,,,,,,,
,,,,,,,,,,,,,,,,
